,Pipe Diameter,Wall Thickness,Percent to Fill
0,0.5,0.147,0.0
1,0.75,0.154,0.0
2,1.0,0.179,0.0
3,1.25,0.191,0.0
4,1.5,0.2,0.0
5,2.0,0.218,0.0
6,2.5,0.275,0.0
7,3.0,0.3,1.811812015110242
8,4.0,0.337,21.578396566590975
9,5.0,0.375,32.07847734638989
10,6.0,0.43200000000000005,35.03085902218547
11,8.0,0.5,44.77855907394767
12,10.0,0.593,47.481226739735185
13,12.0,0.687,48.96984985656479
14,14.0,0.75,52.26634785320715
15,16.0,0.843,52.56487172524239
